{"noiseKey":{"private":{"type":"Buffer","data":"AIGDOjDdix3nG4QrerJZBblgWGF9Pz0ll9RRQWQfREA="},"public":{"type":"Buffer","data":"9havbnZ3+HLzh7b82yT3UznjLVeYz4V3NGwThrTyL00="}},"pairingEphemeralKeyPair":{"private":{"type":"Buffer","data":"EGCMbh03Kqh9WS08LRWunm5aocV49ODPB466kxwOHkc="},"public":{"type":"Buffer","data":"UEVscpdw/GID3RI62RnOFH4j8EargiaikyPTzLmoYQ0="}},"signedIdentityKey":{"private":{"type":"Buffer","data":"8OUs67v8DqzIzUrH4reSREWKXz+0nDIyPFAiNZgGoXs="},"public":{"type":"Buffer","data":"bFebLpe6kCsX77tQRjB1do73nx/X3aI8hf/nEqNHg3k="}},"signedPreKey":{"keyPair":{"private":{"type":"Buffer","data":"yDK45Az5NmTUSs8JHJPujNTbeQxBXAVgE1cRO28VDGA="},"public":{"type":"Buffer","data":"D4MhxeCmRrYRKg/B5VD7W4LP351GloXXOu3outsZaQc="}},"signature":{"type":"Buffer","data":"T/wDBmXLK9MPUIl5h4yLAwocOm63MExPXE73GLDFUawQfwdy068NpFD3EvTZJT9Y9TDHTHrBeWuWOblXCTgKgw=="},"keyId":1},"registrationId":162,"advSecretKey":"PAor6ffPpKz7tkEh7FyWnBlPaCa/QpixYV/zmxAc6JI=","processedHistoryMessages":[],"nextPreKeyId":31,"firstUnuploadedPreKeyId":31,"accountSyncCounter":0,"accountSettings":{"unarchiveChats":false},"deviceId":"uMaNTn_8TZGKKLPnJU4uCA","phoneId":"80bfe0fc-b6ae-451f-85c6-b3e8c4345bd7","identityId":{"type":"Buffer","data":"HYXG0PJvLbI1ZxDIKlJw+ERr90s="},"registered":true,"backupToken":{"type":"Buffer","data":"jqQgUVxMWO8R0lz1ulDvwpYg5Io="},"registration":{},"pairingCode":"LCQTHGJL","me":{"id":"919947121619:92@s.whatsapp.net","lid":"21569325793427:92@lid"},"account":{"details":"CJyGi/wDENCw7rgGGAogACgA","accountSignatureKey":"BfSVnEe4Av7aFBw5hb3OvHA3+NJXaN70YfgQtnufKww=","accountSignature":"iN5PaldH6DZ+D0CvwlqgcBhMW2oe/8QqasPtdyy3sH9lli6kM9MuHm3lbvJiz2ntPJisUq1zX/Xg09BFAEIDBQ==","deviceSignature":"Y+AJrKSbWkf85tFpRbLswTXJZi35nnkqq9TpdeS6UN9eLudui5IAdazswOdMlz/TBIj7KJkgJqd1HJRV75Nhhw=="},"signalIdentities":[{"identifier":{"name":"919947121619:92@s.whatsapp.net","deviceId":0},"identifierKey":{"type":"Buffer","data":"BQX0lZxHuAL+2hQcOYW9zrxwN/jSV2je9GH4ELZ7nysM"}}],"platform":"android","lastAccountSyncTimestamp":1729861716}